,GS,TS,reactionN,barrier,R1,R2,R3,R4
0,GS-1,TS-1,1,0.048965,Ph,Ph,Ph,H
1,GS-2,TS-2,2,0.058279,Ph,Ph,Ph,Me
2,GS-3,TS-3,3,0.054735,Ph,Ph,Ph,NH2
3,GS-4,TS-4,4,0.052984,Ph,Ph,Ph,OMe
4,GS-5,TS-5,5,0.057219,Ph,Ph,Ph,NHMe
5,GS-6,TS-6,6,0.062872,Ph,Ph,Ph,NMe2
6,GS-7,TS-7,7,0.064278,Ph,Ph,Ph,NHPh
7,GS-8,TS-8,8,0.057615,Ph,Ph,Ph,Ph
8,GS-9,TS-9,9,0.047217,Ph,Ph,H,H
9,GS-10,TS-10,10,0.051547,Ph,Ph,H,Me
10,GS-11,TS-11,11,0.057788,Ph,Ph,H,NH2
11,GS-12,TS-12,12,0.048385,Ph,Ph,H,OMe
12,GS-13,TS-13,13,0.062153,Ph,Ph,H,NHMe
13,GS-14,TS-14,14,0.055097,Ph,Ph,H,NMe2
14,GS-15,TS-15,15,0.056032,Ph,Ph,H,NHPh
15,GS-16,TS-16,16,0.04335,Ph,Ph,H,Ph
16,GS-17,TS-17,17,0.054475,Ph,Ph,Me,H
17,GS-18,TS-18,18,0.053332,Ph,Ph,Me,Me
18,GS-19,TS-19,19,0.061751,Ph,Ph,Me,NH2
19,GS-20,TS-20,20,0.056862,Ph,Ph,Me,OMe
20,GS-21,TS-21,21,0.07309,Ph,Ph,Me,NHMe
21,GS-22,TS-22,22,0.068263,Ph,Ph,Me,NMe2
22,GS-23,TS-23,23,0.060378,Ph,Ph,Me,NHPh
23,GS-24,TS-24,24,0.054589,Ph,Ph,Me,Ph
24,GS-25,TS-25,25,0.044168,Ph,Ph,Br,H
25,GS-26,TS-26,26,0.050737,Ph,Ph,Br,Me
26,GS-27,TS-27,27,0.05081,Ph,Ph,Br,NH2
27,GS-28,TS-28,28,0.051408,Ph,Ph,Br,OMe
28,GS-29,TS-29,29,0.054034,Ph,Ph,Br,NHMe
29,GS-30,TS-30,30,0.059336,Ph,Ph,Br,NMe2
30,GS-31,TS-31,31,0.058168,Ph,Ph,Br,NHPh
31,GS-32,TS-32,32,0.047149,Ph,Ph,Br,Ph
32,GS-33,TS-33,33,0.046077,Ph,Ph,Cl,H
33,GS-34,TS-34,34,0.04808,Ph,Ph,Cl,Me
34,GS-35,TS-35,35,0.051526,Ph,Ph,Cl,NH2
35,GS-36,TS-36,36,0.052187,Ph,Ph,Cl,OMe
36,GS-37,TS-37,37,0.054626,Ph,Ph,Cl,NHMe
37,GS-38,TS-38,38,0.05975,Ph,Ph,Cl,NMe2
38,GS-39,TS-39,39,0.059242,Ph,Ph,Cl,NHPh
39,GS-40,TS-40,40,0.047867,Ph,Ph,Cl,Ph
40,GS-41,TS-41,41,0.032861,Ph,H,Ph,H
41,GS-42,TS-42,42,0.0351,Ph,H,Ph,Me
42,GS-43,TS-43,43,0.044574,Ph,H,Ph,NH2
43,GS-44,TS-44,44,0.04043,Ph,H,Ph,OMe
44,GS-45,TS-45,45,0.044757,Ph,H,Ph,NHMe
45,GS-46,TS-46,46,0.044664,Ph,H,Ph,NMe2
46,GS-47,TS-47,47,0.041712,Ph,H,Ph,NHPh
47,GS-48,TS-48,48,0.032548,Ph,H,Ph,Ph
48,GS-49,TS-49,49,0.036474,Ph,H,H,H
49,GS-50,TS-50,50,0.040708,Ph,H,H,Me
50,GS-51,TS-51,51,0.050562,Ph,H,H,NH2
51,GS-52,TS-52,52,0.040739,Ph,H,H,OMe
52,GS-53,TS-53,53,0.052951,Ph,H,H,NHMe
53,GS-54,TS-54,54,0.043586,Ph,H,H,NMe2
54,GS-55,TS-55,55,0.048524,Ph,H,H,NHPh
55,GS-56,TS-56,56,0.033464,Ph,H,H,Ph
56,GS-57,TS-57,57,0.038427,Ph,H,Me,H
57,GS-58,TS-58,58,0.044518,Ph,H,Me,Me
58,GS-59,TS-59,59,0.048048,Ph,H,Me,NH2
59,GS-60,TS-60,60,0.045746,Ph,H,Me,OMe
60,GS-61,TS-61,61,0.058176,Ph,H,Me,NHMe
61,GS-62,TS-62,62,0.053481,Ph,H,Me,NMe2
62,GS-63,TS-63,63,0.052044,Ph,H,Me,NHPh
63,GS-64,TS-64,64,0.037665,Ph,H,Me,Ph
64,GS-65,TS-65,65,0.026324,Ph,H,Br,H
65,GS-66,TS-66,66,0.031592,Ph,H,Br,Me
66,GS-67,TS-67,67,0.039708,Ph,H,Br,NH2
67,GS-68,TS-68,68,0.034641,Ph,H,Br,OMe
68,GS-69,TS-69,69,0.041887,Ph,H,Br,NHMe
69,GS-70,TS-70,70,0.04362,Ph,H,Br,NMe2
70,GS-71,TS-71,71,0.037464,Ph,H,Br,NHPh
71,GS-72,TS-72,72,0.028784,Ph,H,Br,Ph
72,GS-73,TS-73,73,0.028555,Ph,H,Cl,H
73,GS-74,TS-74,74,0.033054,Ph,H,Cl,Me
74,GS-75,TS-75,75,0.042096,Ph,H,Cl,NH2
75,GS-76,TS-76,76,0.036742,Ph,H,Cl,OMe
76,GS-77,TS-77,77,0.043895,Ph,H,Cl,NHMe
77,GS-78,TS-78,78,0.043473,Ph,H,Cl,NMe2
78,GS-79,TS-79,79,0.039415,Ph,H,Cl,NHPh
79,GS-80,TS-80,80,0.03213,Ph,H,Cl,Ph
80,GS-81,TS-81,81,0.038639,Ph,Me,Ph,H
81,GS-82,TS-82,82,0.041958,Ph,Me,Ph,Me
82,GS-83,TS-83,83,0.049267,Ph,Me,Ph,NH2
83,GS-84,TS-84,84,0.048475,Ph,Me,Ph,OMe
84,GS-85,TS-85,85,0.051831,Ph,Me,Ph,NHMe
85,GS-86,TS-86,86,0.075257,Ph,Me,Ph,NMe2
86,GS-87,TS-87,87,0.061783,Ph,Me,Ph,NHPh
87,GS-88,TS-88,88,0.051048,Ph,Me,Ph,Ph
88,GS-89,TS-89,89,0.039685,Ph,Me,H,H
89,GS-90,TS-90,90,0.03898,Ph,Me,H,Me
90,GS-91,TS-91,91,0.047812,Ph,Me,H,NH2
91,GS-92,TS-92,92,0.044358,Ph,Me,H,OMe
92,GS-93,TS-93,93,0.050003,Ph,Me,H,NHMe
93,GS-94,TS-94,94,0.048297,Ph,Me,H,NMe2
94,GS-95,TS-95,95,0.053861,Ph,Me,H,NHPh
95,GS-96,TS-96,96,0.037153,Ph,Me,H,Ph
96,GS-97,TS-97,97,0.046485,Ph,Me,Me,H
97,GS-98,TS-98,98,0.056584,Ph,Me,Me,Me
98,GS-99,TS-99,99,0.057757,Ph,Me,Me,NH2
99,GS-100,TS-100,100,0.053848,Ph,Me,Me,OMe
100,GS-101,TS-101,101,0.060384,Ph,Me,Me,NHMe
101,GS-102,TS-102,102,0.079295,Ph,Me,Me,NMe2
102,GS-103,TS-103,103,0.064166,Ph,Me,Me,NHPh
103,GS-104,TS-104,104,0.055213,Ph,Me,Me,Ph
104,GS-105,TS-105,105,0.031438,Ph,Me,Br,H
105,GS-106,TS-106,106,0.046219,Ph,Me,Br,Me
106,GS-107,TS-107,107,0.046776,Ph,Me,Br,NH2
107,GS-108,TS-108,108,0.042936,Ph,Me,Br,OMe
108,GS-109,TS-109,109,0.049705,Ph,Me,Br,NHMe
109,GS-110,TS-110,110,0.056407,Ph,Me,Br,NMe2
110,GS-111,TS-111,111,0.046567,Ph,Me,Br,NHPh
111,GS-112,TS-112,112,0.046464,Ph,Me,Br,Ph
112,GS-113,TS-113,113,0.0345,Ph,Me,Cl,H
113,GS-114,TS-114,114,0.043435,Ph,Me,Cl,Me
114,GS-115,TS-115,115,0.047204,Ph,Me,Cl,NH2
115,GS-116,TS-116,116,0.043714,Ph,Me,Cl,OMe
116,GS-117,TS-117,117,0.049284,Ph,Me,Cl,NHMe
117,GS-118,TS-118,118,0.056373,Ph,Me,Cl,NMe2
118,GS-119,TS-119,119,0.046219,Ph,Me,Cl,NHPh
119,GS-120,TS-120,120,0.045394,Ph,Me,Cl,Ph
120,GS-121,TS-121,121,0.043987,Ph,Br,Ph,H
121,GS-122,TS-122,122,0.043494,Ph,Br,Ph,Me
122,GS-123,TS-123,123,0.047064,Ph,Br,Ph,NH2
123,GS-124,TS-124,124,0.044802,Ph,Br,Ph,OMe
124,GS-125,TS-125,125,0.049057,Ph,Br,Ph,NHMe
125,GS-126,TS-126,126,0.055672,Ph,Br,Ph,NMe2
126,GS-127,TS-127,127,0.046394,Ph,Br,Ph,NHPh
127,GS-128,TS-128,128,0.044965,Ph,Br,Ph,Ph
128,GS-129,TS-129,129,0.040613,Ph,Br,H,H
129,GS-130,TS-130,130,0.04445,Ph,Br,H,Me
130,GS-131,TS-131,131,0.048625,Ph,Br,H,NH2
131,GS-132,TS-132,132,0.040581,Ph,Br,H,OMe
132,GS-133,TS-133,133,0.050911,Ph,Br,H,NHMe
133,GS-134,TS-134,134,0.046337,Ph,Br,H,NMe2
134,GS-135,TS-135,135,0.048236,Ph,Br,H,NHPh
135,GS-136,TS-136,136,0.036512,Ph,Br,H,Ph
136,GS-137,TS-137,137,0.046528,Ph,Br,Me,H
137,GS-138,TS-138,138,0.055636,Ph,Br,Me,Me
138,GS-139,TS-139,139,0.059738,Ph,Br,Me,NH2
139,GS-140,TS-140,140,0.049511,Ph,Br,Me,OMe
140,GS-141,TS-141,141,0.061876,Ph,Br,Me,NHMe
141,GS-142,TS-142,142,0.061772,Ph,Br,Me,NMe2
142,GS-143,TS-143,143,0.059101,Ph,Br,Me,NHPh
143,GS-144,TS-144,144,0.050747,Ph,Br,Me,Ph
144,GS-145,TS-145,145,0.03525,Ph,Br,Br,H
145,GS-146,TS-146,146,0.047727,Ph,Br,Br,Me
146,GS-147,TS-147,147,0.046094,Ph,Br,Br,NH2
147,GS-148,TS-148,148,0.043913,Ph,Br,Br,OMe
148,GS-149,TS-149,149,0.048222,Ph,Br,Br,NHMe
149,GS-150,TS-150,150,0.054088,Ph,Br,Br,NMe2
150,GS-151,TS-151,151,0.045438,Ph,Br,Br,NHPh
151,GS-152,TS-152,152,0.044958,Ph,Br,Br,Ph
152,GS-153,TS-153,153,0.038977,Ph,Br,Cl,H
153,GS-154,TS-154,154,0.040928,Ph,Br,Cl,Me
154,GS-155,TS-155,155,0.045541,Ph,Br,Cl,NH2
155,GS-156,TS-156,156,0.043604,Ph,Br,Cl,OMe
156,GS-157,TS-157,157,0.047554,Ph,Br,Cl,NHMe
157,GS-158,TS-158,158,0.05435,Ph,Br,Cl,NMe2
158,GS-159,TS-159,159,0.045125,Ph,Br,Cl,NHPh
159,GS-160,TS-160,160,0.049708,Ph,Br,Cl,Ph
160,GS-161,TS-161,161,0.043357,Ph,Cl,Ph,H
161,GS-162,TS-162,162,0.042058,Ph,Cl,Ph,Me
162,GS-163,TS-163,163,0.046745,Ph,Cl,Ph,NH2
163,GS-164,TS-164,164,0.046197,Ph,Cl,Ph,OMe
164,GS-165,TS-165,165,0.049089,Ph,Cl,Ph,NHMe
165,GS-166,TS-166,166,0.055723,Ph,Cl,Ph,NMe2
166,GS-167,TS-167,167,0.045533,Ph,Cl,Ph,NHPh
167,GS-168,TS-168,168,0.053679,Ph,Cl,Ph,Ph
168,GS-169,TS-169,169,0.039965,Ph,Cl,H,H
169,GS-170,TS-170,170,0.043737,Ph,Cl,H,Me
170,GS-171,TS-171,171,0.051464,Ph,Cl,H,NH2
171,GS-172,TS-172,172,0.045463,Ph,Cl,H,OMe
172,GS-173,TS-173,173,0.050267,Ph,Cl,H,NHMe
173,GS-174,TS-174,174,0.064715,Ph,Cl,H,NMe2
174,GS-175,TS-175,175,0.047521,Ph,Cl,H,NHPh
175,GS-176,TS-176,176,0.036189,Ph,Cl,H,Ph
176,GS-177,TS-177,177,0.046219,Ph,Cl,Me,H
177,GS-178,TS-178,178,0.055517,Ph,Cl,Me,Me
178,GS-179,TS-179,179,0.059419,Ph,Cl,Me,NH2
179,GS-180,TS-180,180,0.050757,Ph,Cl,Me,OMe
180,GS-181,TS-181,181,0.056621,Ph,Cl,Me,NHMe
181,GS-182,TS-182,182,0.062035,Ph,Cl,Me,NMe2
182,GS-183,TS-183,183,0.053763,Ph,Cl,Me,NHPh
183,GS-184,TS-184,184,0.050068,Ph,Cl,Me,Ph
184,GS-185,TS-185,185,0.036793,Ph,Cl,Br,H
185,GS-186,TS-186,186,0.045204,Ph,Cl,Br,Me
186,GS-187,TS-187,187,0.044526,Ph,Cl,Br,NH2
187,GS-188,TS-188,188,0.042126,Ph,Cl,Br,OMe
188,GS-189,TS-189,189,0.046599,Ph,Cl,Br,NHMe
189,GS-190,TS-190,190,0.053279,Ph,Cl,Br,NMe2
190,GS-191,TS-191,191,0.044223,Ph,Cl,Br,NHPh
191,GS-192,TS-192,192,0.047669,Ph,Cl,Br,Ph
192,GS-193,TS-193,193,0.037933,Ph,Cl,Cl,H
193,GS-194,TS-194,194,0.044642,Ph,Cl,Cl,Me
194,GS-195,TS-195,195,0.04479,Ph,Cl,Cl,NH2
195,GS-196,TS-196,196,0.041498,Ph,Cl,Cl,OMe
196,GS-197,TS-197,197,0.047118,Ph,Cl,Cl,NHMe
197,GS-198,TS-198,198,0.053967,Ph,Cl,Cl,NMe2
198,GS-199,TS-199,199,0.044438,Ph,Cl,Cl,NHPh
199,GS-200,TS-200,200,0.043376,Ph,Cl,Cl,Ph
200,GS-201,TS-201,201,0.035279,H,Ph,Ph,H
201,GS-202,TS-202,202,0.039873,H,Ph,Ph,Me
202,GS-203,TS-203,203,0.051856,H,Ph,Ph,NH2
203,GS-204,TS-204,204,0.0428,H,Ph,Ph,OMe
204,GS-205,TS-205,205,0.045891,H,Ph,Ph,NHMe
205,GS-206,TS-206,206,0.048413,H,Ph,Ph,NMe2
206,GS-207,TS-207,207,0.051043,H,Ph,Ph,NHPh
207,GS-208,TS-208,208,0.039367,H,Ph,Ph,Ph
208,GS-209,TS-209,209,0.035086,H,Ph,H,H
209,GS-210,TS-210,210,0.035309,H,Ph,H,Me
210,GS-211,TS-211,211,0.043592,H,Ph,H,NH2
211,GS-212,TS-212,212,0.039644,H,Ph,H,OMe
212,GS-213,TS-213,213,0.052453,H,Ph,H,NHMe
213,GS-214,TS-214,214,0.046607,H,Ph,H,NMe2
214,GS-215,TS-215,215,0.047435,H,Ph,H,NHPh
215,GS-216,TS-216,216,0.036032,H,Ph,H,Ph
216,GS-217,TS-217,217,0.04087,H,Ph,Me,H
217,GS-218,TS-218,218,0.046454,H,Ph,Me,Me
218,GS-219,TS-219,219,0.052401,H,Ph,Me,NH2
219,GS-220,TS-220,220,0.048537,H,Ph,Me,OMe
220,GS-221,TS-221,221,0.054983,H,Ph,Me,NHMe
221,GS-222,TS-222,222,0.058727,H,Ph,Me,NMe2
222,GS-223,TS-223,223,0.053086,H,Ph,Me,NHPh
223,GS-224,TS-224,224,0.046318,H,Ph,Me,Ph
224,GS-225,TS-225,225,0.028074,H,Ph,Br,H
225,GS-226,TS-226,226,0.036345,H,Ph,Br,Me
226,GS-227,TS-227,227,0.040423,H,Ph,Br,NH2
227,GS-228,TS-228,228,0.037491,H,Ph,Br,OMe
228,GS-229,TS-229,229,0.043331,H,Ph,Br,NHMe
229,GS-230,TS-230,230,0.048044,H,Ph,Br,NMe2
230,GS-231,TS-231,231,0.041902,H,Ph,Br,NHPh
231,GS-232,TS-232,232,0.039631,H,Ph,Br,Ph
232,GS-233,TS-233,233,0.029207,H,Ph,Cl,H
233,GS-234,TS-234,234,0.036506,H,Ph,Cl,Me
234,GS-235,TS-235,235,0.041067,H,Ph,Cl,NH2
235,GS-236,TS-236,236,0.038586,H,Ph,Cl,OMe
236,GS-237,TS-237,237,0.043718,H,Ph,Cl,NHMe
237,GS-238,TS-238,238,0.049561,H,Ph,Cl,NMe2
238,GS-239,TS-239,239,0.042042,H,Ph,Cl,NHPh
239,GS-240,TS-240,240,0.039492,H,Ph,Cl,Ph
240,GS-241,TS-241,241,0.024586,H,H,Ph,H
241,GS-242,TS-242,242,0.031906,H,H,Ph,Me
242,GS-243,TS-243,243,0.038747,H,H,Ph,NH2
243,GS-244,TS-244,244,0.034607,H,H,Ph,OMe
244,GS-245,TS-245,245,0.041417,H,H,Ph,NHMe
245,GS-246,TS-246,246,0.048144,H,H,Ph,NMe2
246,GS-247,TS-247,247,0.038636,H,H,Ph,NHPh
247,GS-248,TS-248,248,0.030157,H,H,Ph,Ph
248,GS-249,TS-249,249,0.028692,H,H,H,H
249,GS-250,TS-250,250,0.034891,H,H,H,Me
250,GS-251,TS-251,251,0.042947,H,H,H,NH2
251,GS-252,TS-252,252,0.03425,H,H,H,OMe
252,GS-253,TS-253,253,0.045982,H,H,H,NHMe
253,GS-254,TS-254,254,0.039533,H,H,H,NMe2
254,GS-255,TS-255,255,0.041454,H,H,H,NHPh
255,GS-256,TS-256,256,0.030013,H,H,H,Ph
256,GS-257,TS-257,257,0.034202,H,H,Me,H
257,GS-258,TS-258,258,0.038884,H,H,Me,Me
258,GS-259,TS-259,259,0.047446,H,H,Me,NH2
259,GS-260,TS-260,260,0.040802,H,H,Me,OMe
260,GS-261,TS-261,261,0.050897,H,H,Me,NHMe
261,GS-262,TS-262,262,0.051497,H,H,Me,NMe2
262,GS-263,TS-263,263,0.046097,H,H,Me,NHPh
263,GS-264,TS-264,264,0.035602,H,H,Me,Ph
264,GS-265,TS-265,265,0.019491,H,H,Br,H
265,GS-266,TS-266,266,0.027237,H,H,Br,Me
266,GS-267,TS-267,267,0.032956,H,H,Br,NH2
267,GS-268,TS-268,268,0.029612,H,H,Br,OMe
268,GS-269,TS-269,269,0.035806,H,H,Br,NHMe
269,GS-270,TS-270,270,0.039511,H,H,Br,NMe2
270,GS-271,TS-271,271,0.03204,H,H,Br,NHPh
271,GS-272,TS-272,272,0.027361,H,H,Br,Ph
272,GS-273,TS-273,273,0.025368,H,H,Cl,H
273,GS-274,TS-274,274,0.028453,H,H,Cl,Me
274,GS-275,TS-275,275,0.034738,H,H,Cl,NH2
275,GS-276,TS-276,276,0.030961,H,H,Cl,OMe
276,GS-277,TS-277,277,0.037845,H,H,Cl,NHMe
277,GS-278,TS-278,278,0.040223,H,H,Cl,NMe2
278,GS-279,TS-279,279,0.033437,H,H,Cl,NHPh
279,GS-280,TS-280,280,0.028182,H,H,Cl,Ph
280,GS-281,TS-281,281,0.030179,H,Me,Ph,H
281,GS-282,TS-282,282,0.03697,H,Me,Ph,Me
282,GS-283,TS-283,283,0.043369,H,Me,Ph,NH2
283,GS-284,TS-284,284,0.03866,H,Me,Ph,OMe
284,GS-285,TS-285,285,0.045626,H,Me,Ph,NHMe
285,GS-286,TS-286,286,0.048595,H,Me,Ph,NMe2
286,GS-287,TS-287,287,0.041251,H,Me,Ph,NHPh
287,GS-288,TS-288,288,0.036633,H,Me,Ph,Ph
288,GS-289,TS-289,289,0.03416,H,Me,H,H
289,GS-290,TS-290,290,0.0348,H,Me,H,Me
290,GS-291,TS-291,291,0.0428,H,Me,H,NH2
291,GS-292,TS-292,292,0.03793,H,Me,H,OMe
292,GS-293,TS-293,293,0.051143,H,Me,H,NHMe
293,GS-294,TS-294,294,0.045776,H,Me,H,NMe2
294,GS-295,TS-295,295,0.045869,H,Me,H,NHPh
295,GS-296,TS-296,296,0.032377,H,Me,H,Ph
296,GS-297,TS-297,297,0.037225,H,Me,Me,H
297,GS-298,TS-298,298,0.041556,H,Me,Me,Me
298,GS-299,TS-299,299,0.053997,H,Me,Me,NH2
299,GS-300,TS-300,300,0.043356,H,Me,Me,OMe
300,GS-301,TS-301,301,0.059465,H,Me,Me,NHMe
301,GS-302,TS-302,302,0.058118,H,Me,Me,NMe2
302,GS-303,TS-303,303,0.053177,H,Me,Me,NHPh
303,GS-304,TS-304,304,0.042202,H,Me,Me,Ph
304,GS-305,TS-305,305,0.022267,H,Me,Br,H
305,GS-306,TS-306,306,0.03101,H,Me,Br,Me
306,GS-307,TS-307,307,0.037758,H,Me,Br,NH2
307,GS-308,TS-308,308,0.033609,H,Me,Br,OMe
308,GS-309,TS-309,309,0.039119,H,Me,Br,NHMe
309,GS-310,TS-310,310,0.046739,H,Me,Br,NMe2
310,GS-311,TS-311,311,0.036055,H,Me,Br,NHPh
311,GS-312,TS-312,312,0.032224,H,Me,Br,Ph
312,GS-313,TS-313,313,0.023751,H,Me,Cl,H
313,GS-314,TS-314,314,0.032432,H,Me,Cl,Me
314,GS-315,TS-315,315,0.038807,H,Me,Cl,NH2
315,GS-316,TS-316,316,0.034668,H,Me,Cl,OMe
316,GS-317,TS-317,317,0.040963,H,Me,Cl,NHMe
317,GS-318,TS-318,318,0.046941,H,Me,Cl,NMe2
318,GS-319,TS-319,319,0.037359,H,Me,Cl,NHPh
319,GS-320,TS-320,320,0.03289,H,Me,Cl,Ph
320,GS-321,TS-321,321,0.033019,H,Br,Ph,H
321,GS-322,TS-322,322,0.042117,H,Br,Ph,Me
322,GS-323,TS-323,323,0.039471,H,Br,Ph,NH2
323,GS-324,TS-324,324,0.039275,H,Br,Ph,OMe
324,GS-325,TS-325,325,0.043839,H,Br,Ph,NHMe
325,GS-326,TS-326,326,0.044453,H,Br,Ph,NMe2
326,GS-327,TS-327,327,0.038814,H,Br,Ph,NHPh
327,GS-328,TS-328,328,0.04549,H,Br,Ph,Ph
328,GS-329,TS-329,329,0.033599,H,Br,H,H
329,GS-330,TS-330,330,0.03676,H,Br,H,Me
330,GS-331,TS-331,331,0.042745,H,Br,H,NH2
331,GS-332,TS-332,332,0.037722,H,Br,H,OMe
332,GS-333,TS-333,333,0.045299,H,Br,H,NHMe
333,GS-334,TS-334,334,0.056492,H,Br,H,NMe2
334,GS-335,TS-335,335,0.041909,H,Br,H,NHPh
335,GS-336,TS-336,336,0.033745,H,Br,H,Ph
336,GS-337,TS-337,337,0.038132,H,Br,Me,H
337,GS-338,TS-338,338,0.041384,H,Br,Me,Me
338,GS-339,TS-339,339,0.051116,H,Br,Me,NH2
339,GS-340,TS-340,340,0.040824,H,Br,Me,OMe
340,GS-341,TS-341,341,0.053824,H,Br,Me,NHMe
341,GS-342,TS-342,342,0.056928,H,Br,Me,NMe2
342,GS-343,TS-343,343,0.047275,H,Br,Me,NHPh
343,GS-344,TS-344,344,0.04455,H,Br,Me,Ph
344,GS-345,TS-345,345,0.027207,H,Br,Br,H
345,GS-346,TS-346,346,0.031778,H,Br,Br,Me
346,GS-347,TS-347,347,0.036689,H,Br,Br,NH2
347,GS-348,TS-348,348,0.032103,H,Br,Br,OMe
348,GS-349,TS-349,349,0.038854,H,Br,Br,NHMe
349,GS-350,TS-350,350,0.043736,H,Br,Br,NMe2
350,GS-351,TS-351,351,0.039056,H,Br,Br,NHPh
351,GS-352,TS-352,352,0.034636,H,Br,Br,Ph
352,GS-353,TS-353,353,0.028389,H,Br,Cl,H
353,GS-354,TS-354,354,0.032977,H,Br,Cl,Me
354,GS-355,TS-355,355,0.035562,H,Br,Cl,NH2
355,GS-356,TS-356,356,0.033521,H,Br,Cl,OMe
356,GS-357,TS-357,357,0.036001,H,Br,Cl,NHMe
357,GS-358,TS-358,358,0.055289,H,Br,Cl,NMe2
358,GS-359,TS-359,359,0.035808,H,Br,Cl,NHPh
359,GS-360,TS-360,360,0.03482,H,Br,Cl,Ph
360,GS-361,TS-361,361,0.032727,H,Cl,Ph,H
361,GS-362,TS-362,362,0.042031,H,Cl,Ph,Me
362,GS-363,TS-363,363,0.044861,H,Cl,Ph,NH2
363,GS-364,TS-364,364,0.03869,H,Cl,Ph,OMe
364,GS-365,TS-365,365,0.040877,H,Cl,Ph,NHMe
365,GS-366,TS-366,366,0.044,H,Cl,Ph,NMe2
366,GS-367,TS-367,367,0.046009,H,Cl,Ph,NHPh
367,GS-368,TS-368,368,0.044825,H,Cl,Ph,Ph
368,GS-369,TS-369,369,0.033214,H,Cl,H,H
369,GS-370,TS-370,370,0.038235,H,Cl,H,Me
370,GS-371,TS-371,371,0.043191,H,Cl,H,NH2
371,GS-372,TS-372,372,0.037621,H,Cl,H,OMe
372,GS-373,TS-373,373,0.042997,H,Cl,H,NHMe
373,GS-374,TS-374,374,0.040588,H,Cl,H,NMe2
374,GS-375,TS-375,375,0.04207,H,Cl,H,NHPh
375,GS-376,TS-376,376,0.033645,H,Cl,H,Ph
376,GS-377,TS-377,377,0.03783,H,Cl,Me,H
377,GS-378,TS-378,378,0.042069,H,Cl,Me,Me
378,GS-379,TS-379,379,0.048729,H,Cl,Me,NH2
379,GS-380,TS-380,380,0.043266,H,Cl,Me,OMe
380,GS-381,TS-381,381,0.0506,H,Cl,Me,NHMe
381,GS-382,TS-382,382,0.067981,H,Cl,Me,NMe2
382,GS-383,TS-383,383,0.047598,H,Cl,Me,NHPh
383,GS-384,TS-384,384,0.043812,H,Cl,Me,Ph
384,GS-385,TS-385,385,0.027245,H,Cl,Br,H
385,GS-386,TS-386,386,0.029842,H,Cl,Br,Me
386,GS-387,TS-387,387,0.035782,H,Cl,Br,NH2
387,GS-388,TS-388,388,0.0315,H,Cl,Br,OMe
388,GS-389,TS-389,389,0.038509,H,Cl,Br,NHMe
389,GS-390,TS-390,390,0.053141,H,Cl,Br,NMe2
390,GS-391,TS-391,391,0.035945,H,Cl,Br,NHPh
391,GS-392,TS-392,392,0.034129,H,Cl,Br,Ph
392,GS-393,TS-393,393,0.028445,H,Cl,Cl,H
393,GS-394,TS-394,394,0.033186,H,Cl,Cl,Me
394,GS-395,TS-395,395,0.033701,H,Cl,Cl,NH2
395,GS-396,TS-396,396,0.033648,H,Cl,Cl,OMe
396,GS-397,TS-397,397,0.03771,H,Cl,Cl,NHMe
397,GS-398,TS-398,398,0.054915,H,Cl,Cl,NMe2
398,GS-399,TS-399,399,0.03522,H,Cl,Cl,NHPh
399,GS-400,TS-400,400,0.034154,H,Cl,Cl,Ph
400,GS-401,TS-401,401,0.042477,Me,Ph,Ph,H
401,GS-402,TS-402,402,0.048648,Me,Ph,Ph,Me
402,GS-403,TS-403,403,0.056401,Me,Ph,Ph,NH2
403,GS-404,TS-404,404,0.059432,Me,Ph,Ph,OMe
404,GS-405,TS-405,405,0.050345,Me,Ph,Ph,NHMe
405,GS-406,TS-406,406,0.053404,Me,Ph,Ph,NMe2
406,GS-407,TS-407,407,0.056448,Me,Ph,Ph,NHPh
407,GS-408,TS-408,408,0.041294,Me,Ph,Ph,Ph
408,GS-409,TS-409,409,0.042269,Me,Ph,H,H
409,GS-410,TS-410,410,0.043978,Me,Ph,H,Me
410,GS-411,TS-411,411,0.052546,Me,Ph,H,NH2
411,GS-412,TS-412,412,0.042083,Me,Ph,H,OMe
412,GS-413,TS-413,413,0.055058,Me,Ph,H,NHMe
413,GS-414,TS-414,414,0.054473,Me,Ph,H,NMe2
414,GS-415,TS-415,415,0.045752,Me,Ph,H,NHPh
415,GS-416,TS-416,416,0.04388,Me,Ph,H,Ph
416,GS-417,TS-417,417,0.047481,Me,Ph,Me,H
417,GS-418,TS-418,418,0.044746,Me,Ph,Me,Me
418,GS-419,TS-419,419,0.054514,Me,Ph,Me,NH2
419,GS-420,TS-420,420,0.048833,Me,Ph,Me,OMe
420,GS-421,TS-421,421,0.057911,Me,Ph,Me,NHMe
421,GS-422,TS-422,422,0.061727,Me,Ph,Me,NMe2
422,GS-423,TS-423,423,0.053647,Me,Ph,Me,NHPh
423,GS-424,TS-424,424,0.046672,Me,Ph,Me,Ph
424,GS-425,TS-425,425,0.037192,Me,Ph,Br,H
425,GS-426,TS-426,426,0.037345,Me,Ph,Br,Me
426,GS-427,TS-427,427,0.044922,Me,Ph,Br,NH2
427,GS-428,TS-428,428,0.041447,Me,Ph,Br,OMe
428,GS-429,TS-429,429,0.047217,Me,Ph,Br,NHMe
429,GS-430,TS-430,430,0.05399,Me,Ph,Br,NMe2
430,GS-431,TS-431,431,0.044547,Me,Ph,Br,NHPh
431,GS-432,TS-432,432,0.041357,Me,Ph,Br,Ph
432,GS-433,TS-433,433,0.038041,Me,Ph,Cl,H
433,GS-434,TS-434,434,0.041257,Me,Ph,Cl,Me
434,GS-435,TS-435,435,0.04542,Me,Ph,Cl,NH2
435,GS-436,TS-436,436,0.041833,Me,Ph,Cl,OMe
436,GS-437,TS-437,437,0.048001,Me,Ph,Cl,NHMe
437,GS-438,TS-438,438,0.054643,Me,Ph,Cl,NMe2
438,GS-439,TS-439,439,0.045497,Me,Ph,Cl,NHPh
439,GS-440,TS-440,440,0.041105,Me,Ph,Cl,Ph
440,GS-441,TS-441,441,0.029629,Me,H,Ph,H
441,GS-442,TS-442,442,0.03629,Me,H,Ph,Me
442,GS-443,TS-443,443,0.04412,Me,H,Ph,NH2
443,GS-444,TS-444,444,0.039648,Me,H,Ph,OMe
444,GS-445,TS-445,445,0.045873,Me,H,Ph,NHMe
445,GS-446,TS-446,446,0.053513,Me,H,Ph,NMe2
446,GS-447,TS-447,447,0.041688,Me,H,Ph,NHPh
447,GS-448,TS-448,448,0.033333,Me,H,Ph,Ph
448,GS-449,TS-449,449,0.032548,Me,H,H,H
449,GS-450,TS-450,450,0.039287,Me,H,H,Me
450,GS-451,TS-451,451,0.046982,Me,H,H,NH2
451,GS-452,TS-452,452,0.037971,Me,H,H,OMe
452,GS-453,TS-453,453,0.050292,Me,H,H,NHMe
453,GS-454,TS-454,454,0.042482,Me,H,H,NMe2
454,GS-455,TS-455,455,0.04643,Me,H,H,NHPh
455,GS-456,TS-456,456,0.032433,Me,H,H,Ph
456,GS-457,TS-457,457,0.036549,Me,H,Me,H
457,GS-458,TS-458,458,0.043221,Me,H,Me,Me
458,GS-459,TS-459,459,0.051911,Me,H,Me,NH2
459,GS-460,TS-460,460,0.04399,Me,H,Me,OMe
460,GS-461,TS-461,461,0.054692,Me,H,Me,NHMe
461,GS-462,TS-462,462,0.051656,Me,H,Me,NMe2
462,GS-463,TS-463,463,0.048518,Me,H,Me,NHPh
463,GS-464,TS-464,464,0.036468,Me,H,Me,Ph
464,GS-465,TS-465,465,0.023841,Me,H,Br,H
465,GS-466,TS-466,466,0.031626,Me,H,Br,Me
466,GS-467,TS-467,467,0.037243,Me,H,Br,NH2
467,GS-468,TS-468,468,0.034147,Me,H,Br,OMe
468,GS-469,TS-469,469,0.039162,Me,H,Br,NHMe
469,GS-470,TS-470,470,0.046669,Me,H,Br,NMe2
470,GS-471,TS-471,471,0.036184,Me,H,Br,NHPh
471,GS-472,TS-472,472,0.02829,Me,H,Br,Ph
472,GS-473,TS-473,473,0.027604,Me,H,Cl,H
473,GS-474,TS-474,474,0.032116,Me,H,Cl,Me
474,GS-475,TS-475,475,0.039048,Me,H,Cl,NH2
475,GS-476,TS-476,476,0.035728,Me,H,Cl,OMe
476,GS-477,TS-477,477,0.041608,Me,H,Cl,NHMe
477,GS-478,TS-478,478,0.047875,Me,H,Cl,NMe2
478,GS-479,TS-479,479,0.03777,Me,H,Cl,NHPh
479,GS-480,TS-480,480,0.030678,Me,H,Cl,Ph
480,GS-481,TS-481,481,0.032686,Me,Me,Ph,H
481,GS-482,TS-482,482,0.048498,Me,Me,Ph,Me
482,GS-483,TS-483,483,0.04652,Me,Me,Ph,NH2
483,GS-484,TS-484,484,0.042683,Me,Me,Ph,OMe
484,GS-485,TS-485,485,0.048335,Me,Me,Ph,NHMe
485,GS-486,TS-486,486,0.069546,Me,Me,Ph,NMe2
486,GS-487,TS-487,487,0.043835,Me,Me,Ph,NHPh
487,GS-488,TS-488,488,0.045388,Me,Me,Ph,Ph
488,GS-489,TS-489,489,0.038243,Me,Me,H,H
489,GS-490,TS-490,490,0.036777,Me,Me,H,Me
490,GS-491,TS-491,491,0.042537,Me,Me,H,NH2
491,GS-492,TS-492,492,0.041583,Me,Me,H,OMe
492,GS-493,TS-493,493,0.045411,Me,Me,H,NHMe
493,GS-494,TS-494,494,0.046636,Me,Me,H,NMe2
494,GS-495,TS-495,495,0.050216,Me,Me,H,NHPh
495,GS-496,TS-496,496,0.034069,Me,Me,H,Ph
496,GS-497,TS-497,497,0.040682,Me,Me,Me,H
497,GS-498,TS-498,498,0.049528,Me,Me,Me,Me
498,GS-499,TS-499,499,0.052331,Me,Me,Me,NH2
499,GS-500,TS-500,500,0.046225,Me,Me,Me,OMe
500,GS-501,TS-501,501,0.055916,Me,Me,Me,NHMe
501,GS-502,TS-502,502,0.060088,Me,Me,Me,NMe2
502,GS-503,TS-503,503,0.051505,Me,Me,Me,NHPh
503,GS-504,TS-504,504,0.047759,Me,Me,Me,Ph
504,GS-505,TS-505,505,0.028667,Me,Me,Br,H
505,GS-506,TS-506,506,0.040305,Me,Me,Br,Me
506,GS-507,TS-507,507,0.040512,Me,Me,Br,NH2
507,GS-508,TS-508,508,0.038365,Me,Me,Br,OMe
508,GS-509,TS-509,509,0.044964,Me,Me,Br,NHMe
509,GS-510,TS-510,510,0.060694,Me,Me,Br,NMe2
510,GS-511,TS-511,511,0.041806,Me,Me,Br,NHPh
511,GS-512,TS-512,512,0.039792,Me,Me,Br,Ph
512,GS-513,TS-513,513,0.030012,Me,Me,Cl,H
513,GS-514,TS-514,514,0.041268,Me,Me,Cl,Me
514,GS-515,TS-515,515,0.040883,Me,Me,Cl,NH2
515,GS-516,TS-516,516,0.037467,Me,Me,Cl,OMe
516,GS-517,TS-517,517,0.042726,Me,Me,Cl,NHMe
517,GS-518,TS-518,518,0.06149,Me,Me,Cl,NMe2
518,GS-519,TS-519,519,0.039326,Me,Me,Cl,NHPh
519,GS-520,TS-520,520,0.040469,Me,Me,Cl,Ph
520,GS-521,TS-521,521,0.037036,Me,Br,Ph,H
521,GS-522,TS-522,522,0.045891,Me,Br,Ph,Me
522,GS-523,TS-523,523,0.044327,Me,Br,Ph,NH2
523,GS-524,TS-524,524,0.041369,Me,Br,Ph,OMe
524,GS-525,TS-525,525,0.05427,Me,Br,Ph,NHMe
525,GS-526,TS-526,526,0.049167,Me,Br,Ph,NMe2
526,GS-527,TS-527,527,0.041553,Me,Br,Ph,NHPh
527,GS-528,TS-528,528,0.0389,Me,Br,Ph,Ph
528,GS-529,TS-529,529,0.036722,Me,Br,H,H
529,GS-530,TS-530,530,0.033249,Me,Br,H,Me
530,GS-531,TS-531,531,0.046472,Me,Br,H,NH2
531,GS-532,TS-532,532,0.040719,Me,Br,H,OMe
532,GS-533,TS-533,533,0.049261,Me,Br,H,NHMe
533,GS-534,TS-534,534,0.061562,Me,Br,H,NMe2
534,GS-535,TS-535,535,0.045549,Me,Br,H,NHPh
535,GS-536,TS-536,536,0.035745,Me,Br,H,Ph
536,GS-537,TS-537,537,0.041393,Me,Br,Me,H
537,GS-538,TS-538,538,0.048484,Me,Br,Me,Me
538,GS-539,TS-539,539,0.047654,Me,Br,Me,NH2
539,GS-540,TS-540,540,0.044263,Me,Br,Me,OMe
540,GS-541,TS-541,541,0.054866,Me,Br,Me,NHMe
541,GS-542,TS-542,542,0.055178,Me,Br,Me,NMe2
542,GS-543,TS-543,543,0.047313,Me,Br,Me,NHPh
543,GS-544,TS-544,544,0.043974,Me,Br,Me,Ph
544,GS-545,TS-545,545,0.032625,Me,Br,Br,H
545,GS-546,TS-546,546,0.040247,Me,Br,Br,Me
546,GS-547,TS-547,547,0.040791,Me,Br,Br,NH2
547,GS-548,TS-548,548,0.037064,Me,Br,Br,OMe
548,GS-549,TS-549,549,0.043155,Me,Br,Br,NHMe
549,GS-550,TS-550,550,0.047941,Me,Br,Br,NMe2
550,GS-551,TS-551,551,0.038941,Me,Br,Br,NHPh
551,GS-552,TS-552,552,0.042538,Me,Br,Br,Ph
552,GS-553,TS-553,553,0.031679,Me,Br,Cl,H
553,GS-554,TS-554,554,0.040109,Me,Br,Cl,Me
554,GS-555,TS-555,555,0.040964,Me,Br,Cl,NH2
555,GS-556,TS-556,556,0.037413,Me,Br,Cl,OMe
556,GS-557,TS-557,557,0.041562,Me,Br,Cl,NHMe
557,GS-558,TS-558,558,0.048676,Me,Br,Cl,NMe2
558,GS-559,TS-559,559,0.04625,Me,Br,Cl,NHPh
559,GS-560,TS-560,560,0.041915,Me,Br,Cl,Ph
560,GS-561,TS-561,561,0.039492,Me,Cl,Ph,H
561,GS-562,TS-562,562,0.04562,Me,Cl,Ph,Me
562,GS-563,TS-563,563,0.044767,Me,Cl,Ph,NH2
563,GS-564,TS-564,564,0.041522,Me,Cl,Ph,OMe
564,GS-565,TS-565,565,0.044542,Me,Cl,Ph,NHMe
565,GS-566,TS-566,566,0.049254,Me,Cl,Ph,NMe2
566,GS-567,TS-567,567,0.041467,Me,Cl,Ph,NHPh
567,GS-568,TS-568,568,0.038977,Me,Cl,Ph,Ph
568,GS-569,TS-569,569,0.038308,Me,Cl,H,H
569,GS-570,TS-570,570,0.040252,Me,Cl,H,Me
570,GS-571,TS-571,571,0.046561,Me,Cl,H,NH2
571,GS-572,TS-572,572,0.041068,Me,Cl,H,OMe
572,GS-573,TS-573,573,0.046779,Me,Cl,H,NHMe
573,GS-574,TS-574,574,0.060731,Me,Cl,H,NMe2
574,GS-575,TS-575,575,0.045423,Me,Cl,H,NHPh
575,GS-576,TS-576,576,0.035326,Me,Cl,H,Ph
576,GS-577,TS-577,577,0.041036,Me,Cl,Me,H
577,GS-578,TS-578,578,0.048,Me,Cl,Me,Me
578,GS-579,TS-579,579,0.052391,Me,Cl,Me,NH2
579,GS-580,TS-580,580,0.044063,Me,Cl,Me,OMe
580,GS-581,TS-581,581,0.055372,Me,Cl,Me,NHMe
581,GS-582,TS-582,582,0.055874,Me,Cl,Me,NMe2
582,GS-583,TS-583,583,0.04766,Me,Cl,Me,NHPh
583,GS-584,TS-584,584,0.049025,Me,Cl,Me,Ph
584,GS-585,TS-585,585,0.03035,Me,Cl,Br,H
585,GS-586,TS-586,586,0.039245,Me,Cl,Br,Me
586,GS-587,TS-587,587,0.044297,Me,Cl,Br,NH2
587,GS-588,TS-588,588,0.036677,Me,Cl,Br,OMe
588,GS-589,TS-589,589,0.041145,Me,Cl,Br,NHMe
589,GS-590,TS-590,590,0.047743,Me,Cl,Br,NMe2
590,GS-591,TS-591,591,0.044718,Me,Cl,Br,NHPh
591,GS-592,TS-592,592,0.040932,Me,Cl,Br,Ph
592,GS-593,TS-593,593,0.033353,Me,Cl,Cl,H
593,GS-594,TS-594,594,0.037695,Me,Cl,Cl,Me
594,GS-595,TS-595,595,0.040828,Me,Cl,Cl,NH2
595,GS-596,TS-596,596,0.036883,Me,Cl,Cl,OMe
596,GS-597,TS-597,597,0.048072,Me,Cl,Cl,NHMe
597,GS-598,TS-598,598,0.061883,Me,Cl,Cl,NMe2
598,GS-599,TS-599,599,0.045391,Me,Cl,Cl,NHPh
599,GS-600,TS-600,600,0.040717,Me,Cl,Cl,Ph
600,GS-601,TS-601,601,0.042115,Br,Ph,Ph,H
601,GS-602,TS-602,602,0.052966,Br,Ph,Ph,Me
602,GS-603,TS-603,603,0.056841,Br,Ph,Ph,NH2
603,GS-604,TS-604,604,0.058001,Br,Ph,Ph,OMe
604,GS-605,TS-605,605,0.062608,Br,Ph,Ph,NHMe
605,GS-606,TS-606,606,0.061874,Br,Ph,Ph,NMe2
606,GS-607,TS-607,607,0.055787,Br,Ph,Ph,NHPh
607,GS-608,TS-608,608,0.049039,Br,Ph,Ph,Ph
608,GS-609,TS-609,609,0.042119,Br,Ph,H,H
609,GS-610,TS-610,610,0.04601,Br,Ph,H,Me
610,GS-611,TS-611,611,0.058688,Br,Ph,H,NH2
611,GS-612,TS-612,612,0.048498,Br,Ph,H,OMe
612,GS-613,TS-613,613,0.061989,Br,Ph,H,NHMe
613,GS-614,TS-614,614,0.048069,Br,Ph,H,NMe2
614,GS-615,TS-615,615,0.050655,Br,Ph,H,NHPh
615,GS-616,TS-616,616,0.037958,Br,Ph,H,Ph
616,GS-617,TS-617,617,0.044711,Br,Ph,Me,H
617,GS-618,TS-618,618,0.051989,Br,Ph,Me,Me
618,GS-619,TS-619,619,0.059154,Br,Ph,Me,NH2
619,GS-620,TS-620,620,0.053255,Br,Ph,Me,OMe
620,GS-621,TS-621,621,0.062399,Br,Ph,Me,NHMe
621,GS-622,TS-622,622,0.062907,Br,Ph,Me,NMe2
622,GS-623,TS-623,623,0.05814,Br,Ph,Me,NHPh
623,GS-624,TS-624,624,0.054919,Br,Ph,Me,Ph
624,GS-625,TS-625,625,0.03622,Br,Ph,Br,H
625,GS-626,TS-626,626,0.042428,Br,Ph,Br,Me
626,GS-627,TS-627,627,0.04849,Br,Ph,Br,NH2
627,GS-628,TS-628,628,0.043569,Br,Ph,Br,OMe
628,GS-629,TS-629,629,0.050511,Br,Ph,Br,NHMe
629,GS-630,TS-630,630,0.055494,Br,Ph,Br,NMe2
630,GS-631,TS-631,631,0.049207,Br,Ph,Br,NHPh
631,GS-632,TS-632,632,0.045727,Br,Ph,Br,Ph
632,GS-633,TS-633,633,0.037609,Br,Ph,Cl,H
633,GS-634,TS-634,634,0.042764,Br,Ph,Cl,Me
634,GS-635,TS-635,635,0.047258,Br,Ph,Cl,NH2
635,GS-636,TS-636,636,0.044883,Br,Ph,Cl,OMe
636,GS-637,TS-637,637,0.049204,Br,Ph,Cl,NHMe
637,GS-638,TS-638,638,0.055878,Br,Ph,Cl,NMe2
638,GS-639,TS-639,639,0.048305,Br,Ph,Cl,NHPh
639,GS-640,TS-640,640,0.047056,Br,Ph,Cl,Ph
640,GS-641,TS-641,641,0.031645,Br,H,Ph,H
641,GS-642,TS-642,642,0.0356,Br,H,Ph,Me
642,GS-643,TS-643,643,0.04225,Br,H,Ph,NH2
643,GS-644,TS-644,644,0.037618,Br,H,Ph,OMe
644,GS-645,TS-645,645,0.043659,Br,H,Ph,NHMe
645,GS-646,TS-646,646,0.049877,Br,H,Ph,NMe2
646,GS-647,TS-647,647,0.039394,Br,H,Ph,NHPh
647,GS-648,TS-648,648,0.034859,Br,H,Ph,Ph
648,GS-649,TS-649,649,0.033456,Br,H,H,H
649,GS-650,TS-650,650,0.037755,Br,H,H,Me
650,GS-651,TS-651,651,0.045305,Br,H,H,NH2
651,GS-652,TS-652,652,0.037254,Br,H,H,OMe
652,GS-653,TS-653,653,0.046628,Br,H,H,NHMe
653,GS-654,TS-654,654,0.04129,Br,H,H,NMe2
654,GS-655,TS-655,655,0.045741,Br,H,H,NHPh
655,GS-656,TS-656,656,0.032862,Br,H,H,Ph
656,GS-657,TS-657,657,0.035583,Br,H,Me,H
657,GS-658,TS-658,658,0.043325,Br,H,Me,Me
658,GS-659,TS-659,659,0.05106,Br,H,Me,NH2
659,GS-660,TS-660,660,0.041447,Br,H,Me,OMe
660,GS-661,TS-661,661,0.051275,Br,H,Me,NHMe
661,GS-662,TS-662,662,0.056462,Br,H,Me,NMe2
662,GS-663,TS-663,663,0.049914,Br,H,Me,NHPh
663,GS-664,TS-664,664,0.038199,Br,H,Me,Ph
664,GS-665,TS-665,665,0.027168,Br,H,Br,H
665,GS-666,TS-666,666,0.031526,Br,H,Br,Me
666,GS-667,TS-667,667,0.036722,Br,H,Br,NH2
667,GS-668,TS-668,668,0.034042,Br,H,Br,OMe
668,GS-669,TS-669,669,0.036416,Br,H,Br,NHMe
669,GS-670,TS-670,670,0.042632,Br,H,Br,NMe2
670,GS-671,TS-671,671,0.035921,Br,H,Br,NHPh
671,GS-672,TS-672,672,0.032783,Br,H,Br,Ph
672,GS-673,TS-673,673,0.030051,Br,H,Cl,H
673,GS-674,TS-674,674,0.033069,Br,H,Cl,Me
674,GS-675,TS-675,675,0.037949,Br,H,Cl,NH2
675,GS-676,TS-676,676,0.035002,Br,H,Cl,OMe
676,GS-677,TS-677,677,0.040212,Br,H,Cl,NHMe
677,GS-678,TS-678,678,0.046302,Br,H,Cl,NMe2
678,GS-679,TS-679,679,0.03747,Br,H,Cl,NHPh
679,GS-680,TS-680,680,0.033499,Br,H,Cl,Ph
680,GS-681,TS-681,681,0.036443,Br,Me,Ph,H
681,GS-682,TS-682,682,0.040972,Br,Me,Ph,Me
682,GS-683,TS-683,683,0.046983,Br,Me,Ph,NH2
683,GS-684,TS-684,684,0.042175,Br,Me,Ph,OMe
684,GS-685,TS-685,685,0.048286,Br,Me,Ph,NHMe
685,GS-686,TS-686,686,0.062636,Br,Me,Ph,NMe2
686,GS-687,TS-687,687,0.045157,Br,Me,Ph,NHPh
687,GS-688,TS-688,688,0.048793,Br,Me,Ph,Ph
688,GS-689,TS-689,689,0.035379,Br,Me,H,H
689,GS-690,TS-690,690,0.038819,Br,Me,H,Me
690,GS-691,TS-691,691,0.045857,Br,Me,H,NH2
691,GS-692,TS-692,692,0.0411,Br,Me,H,OMe
692,GS-693,TS-693,693,0.053997,Br,Me,H,NHMe
693,GS-694,TS-694,694,0.046876,Br,Me,H,NMe2
694,GS-695,TS-695,695,0.050543,Br,Me,H,NHPh
695,GS-696,TS-696,696,0.036602,Br,Me,H,Ph
696,GS-697,TS-697,697,0.038052,Br,Me,Me,H
697,GS-698,TS-698,698,0.050247,Br,Me,Me,Me
698,GS-699,TS-699,699,0.056713,Br,Me,Me,NH2
699,GS-700,TS-700,700,0.05021,Br,Me,Me,OMe
700,GS-701,TS-701,701,0.062709,Br,Me,Me,NHMe
701,GS-702,TS-702,702,0.065374,Br,Me,Me,NMe2
702,GS-703,TS-703,703,0.056449,Br,Me,Me,NHPh
703,GS-704,TS-704,704,0.046763,Br,Me,Me,Ph
704,GS-705,TS-705,705,0.030018,Br,Me,Br,H
705,GS-706,TS-706,706,0.035381,Br,Me,Br,Me
706,GS-707,TS-707,707,0.04044,Br,Me,Br,NH2
707,GS-708,TS-708,708,0.036146,Br,Me,Br,OMe
708,GS-709,TS-709,709,0.043196,Br,Me,Br,NHMe
709,GS-710,TS-710,710,0.056338,Br,Me,Br,NMe2
710,GS-711,TS-711,711,0.040941,Br,Me,Br,NHPh
711,GS-712,TS-712,712,0.042522,Br,Me,Br,Ph
712,GS-713,TS-713,713,0.031781,Br,Me,Cl,H
713,GS-714,TS-714,714,0.037908,Br,Me,Cl,Me
714,GS-715,TS-715,715,0.039975,Br,Me,Cl,NH2
715,GS-716,TS-716,716,0.039092,Br,Me,Cl,OMe
716,GS-717,TS-717,717,0.041446,Br,Me,Cl,NHMe
717,GS-718,TS-718,718,0.051667,Br,Me,Cl,NMe2
718,GS-719,TS-719,719,0.039548,Br,Me,Cl,NHPh
719,GS-720,TS-720,720,0.039057,Br,Me,Cl,Ph
720,GS-721,TS-721,721,0.036743,Br,Br,Ph,H
721,GS-722,TS-722,722,0.049054,Br,Br,Ph,Me
722,GS-723,TS-723,723,0.042224,Br,Br,Ph,NH2
723,GS-724,TS-724,724,0.042092,Br,Br,Ph,OMe
724,GS-725,TS-725,725,0.054212,Br,Br,Ph,NHMe
725,GS-726,TS-726,726,0.050248,Br,Br,Ph,NMe2
726,GS-727,TS-727,727,0.052107,Br,Br,Ph,NHPh
727,GS-728,TS-728,728,0.049761,Br,Br,Ph,Ph
728,GS-729,TS-729,729,0.035082,Br,Br,H,H
729,GS-730,TS-730,730,0.039791,Br,Br,H,Me
730,GS-731,TS-731,731,0.038044,Br,Br,H,NH2
731,GS-732,TS-732,732,0.037387,Br,Br,H,OMe
732,GS-733,TS-733,733,0.046593,Br,Br,H,NHMe
733,GS-734,TS-734,734,0.058794,Br,Br,H,NMe2
734,GS-735,TS-735,735,0.045364,Br,Br,H,NHPh
735,GS-736,TS-736,736,0.033342,Br,Br,H,Ph
736,GS-737,TS-737,737,0.03934,Br,Br,Me,H
737,GS-738,TS-738,738,0.052125,Br,Br,Me,Me
738,GS-739,TS-739,739,0.05785,Br,Br,Me,NH2
739,GS-740,TS-740,740,0.04635,Br,Br,Me,OMe
740,GS-741,TS-741,741,0.05831,Br,Br,Me,NHMe
741,GS-742,TS-742,742,0.065218,Br,Br,Me,NMe2
742,GS-743,TS-743,743,0.056339,Br,Br,Me,NHPh
743,GS-744,TS-744,744,0.052837,Br,Br,Me,Ph
744,GS-745,TS-745,745,0.030458,Br,Br,Br,H
745,GS-746,TS-746,746,0.04415,Br,Br,Br,Me
746,GS-747,TS-747,747,0.049006,Br,Br,Br,NH2
747,GS-748,TS-748,748,0.038934,Br,Br,Br,OMe
748,GS-749,TS-749,749,0.051442,Br,Br,Br,NHMe
749,GS-750,TS-750,750,0.048485,Br,Br,Br,NMe2
750,GS-751,TS-751,751,0.049301,Br,Br,Br,NHPh
751,GS-752,TS-752,752,0.045281,Br,Br,Br,Ph
752,GS-753,TS-753,753,0.031102,Br,Br,Cl,H
753,GS-754,TS-754,754,0.043636,Br,Br,Cl,Me
754,GS-755,TS-755,755,0.040541,Br,Br,Cl,NH2
755,GS-756,TS-756,756,0.039072,Br,Br,Cl,OMe
756,GS-757,TS-757,757,0.045183,Br,Br,Cl,NHMe
757,GS-758,TS-758,758,0.049209,Br,Br,Cl,NMe2
758,GS-759,TS-759,759,0.049661,Br,Br,Cl,NHPh
759,GS-760,TS-760,760,0.045111,Br,Br,Cl,Ph
760,GS-761,TS-761,761,0.039845,Br,Cl,Ph,H
761,GS-762,TS-762,762,0.048106,Br,Cl,Ph,Me
762,GS-763,TS-763,763,0.051599,Br,Cl,Ph,NH2
763,GS-764,TS-764,764,0.041956,Br,Cl,Ph,OMe
764,GS-765,TS-765,765,0.053824,Br,Cl,Ph,NHMe
765,GS-766,TS-766,766,0.050445,Br,Cl,Ph,NMe2
766,GS-767,TS-767,767,0.060345,Br,Cl,Ph,NHPh
767,GS-768,TS-768,768,0.048469,Br,Cl,Ph,Ph
768,GS-769,TS-769,769,0.034553,Br,Cl,H,H
769,GS-770,TS-770,770,0.039741,Br,Cl,H,Me
770,GS-771,TS-771,771,0.04489,Br,Cl,H,NH2
771,GS-772,TS-772,772,0.037672,Br,Cl,H,OMe
772,GS-773,TS-773,773,0.047982,Br,Cl,H,NHMe
773,GS-774,TS-774,774,0.041608,Br,Cl,H,NMe2
774,GS-775,TS-775,775,0.043191,Br,Cl,H,NHPh
775,GS-776,TS-776,776,0.03302,Br,Cl,H,Ph
776,GS-777,TS-777,777,0.038585,Br,Cl,Me,H
777,GS-778,TS-778,778,0.05092,Br,Cl,Me,Me
778,GS-779,TS-779,779,0.055211,Br,Cl,Me,NH2
779,GS-780,TS-780,780,0.04633,Br,Cl,Me,OMe
780,GS-781,TS-781,781,0.057221,Br,Cl,Me,NHMe
781,GS-782,TS-782,782,0.064955,Br,Cl,Me,NMe2
782,GS-783,TS-783,783,0.049267,Br,Cl,Me,NHPh
783,GS-784,TS-784,784,0.05152,Br,Cl,Me,Ph
784,GS-785,TS-785,785,0.029419,Br,Cl,Br,H
785,GS-786,TS-786,786,0.041834,Br,Cl,Br,Me
786,GS-787,TS-787,787,0.047482,Br,Cl,Br,NH2
787,GS-788,TS-788,788,0.037808,Br,Cl,Br,OMe
788,GS-789,TS-789,789,0.050374,Br,Cl,Br,NHMe
789,GS-790,TS-790,790,0.047795,Br,Cl,Br,NMe2
790,GS-791,TS-791,791,0.04833,Br,Cl,Br,NHPh
791,GS-792,TS-792,792,0.043709,Br,Cl,Br,Ph
792,GS-793,TS-793,793,0.030558,Br,Cl,Cl,H
793,GS-794,TS-794,794,0.040361,Br,Cl,Cl,Me
794,GS-795,TS-795,795,0.039939,Br,Cl,Cl,NH2
795,GS-796,TS-796,796,0.037067,Br,Cl,Cl,OMe
796,GS-797,TS-797,797,0.042208,Br,Cl,Cl,NHMe
797,GS-798,TS-798,798,0.057144,Br,Cl,Cl,NMe2
798,GS-799,TS-799,799,0.039367,Br,Cl,Cl,NHPh
799,GS-800,TS-800,800,0.042849,Br,Cl,Cl,Ph
800,GS-801,TS-801,801,0.041512,Cl,Ph,Ph,H
801,GS-802,TS-802,802,0.047907,Cl,Ph,Ph,Me
802,GS-803,TS-803,803,0.052826,Cl,Ph,Ph,NH2
803,GS-804,TS-804,804,0.048633,Cl,Ph,Ph,OMe
804,GS-805,TS-805,805,0.057975,Cl,Ph,Ph,NHMe
805,GS-806,TS-806,806,0.060472,Cl,Ph,Ph,NMe2
806,GS-807,TS-807,807,0.052943,Cl,Ph,Ph,NHPh
807,GS-808,TS-808,808,0.052953,Cl,Ph,Ph,Ph
808,GS-809,TS-809,809,0.04147,Cl,Ph,H,H
809,GS-810,TS-810,810,0.046104,Cl,Ph,H,Me
810,GS-811,TS-811,811,0.045313,Cl,Ph,H,NH2
811,GS-812,TS-812,812,0.047488,Cl,Ph,H,OMe
812,GS-813,TS-813,813,0.054259,Cl,Ph,H,NHMe
813,GS-814,TS-814,814,0.046846,Cl,Ph,H,NMe2
814,GS-815,TS-815,815,0.050917,Cl,Ph,H,NHPh
815,GS-816,TS-816,816,0.038136,Cl,Ph,H,Ph
816,GS-817,TS-817,817,0.045034,Cl,Ph,Me,H
817,GS-818,TS-818,818,0.052666,Cl,Ph,Me,Me
818,GS-819,TS-819,819,0.06008,Cl,Ph,Me,NH2
819,GS-820,TS-820,820,0.053322,Cl,Ph,Me,OMe
820,GS-821,TS-821,821,0.064066,Cl,Ph,Me,NHMe
821,GS-822,TS-822,822,0.065473,Cl,Ph,Me,NMe2
822,GS-823,TS-823,823,0.059611,Cl,Ph,Me,NHPh
823,GS-824,TS-824,824,0.054281,Cl,Ph,Me,Ph
824,GS-825,TS-825,825,0.035794,Cl,Ph,Br,H
825,GS-826,TS-826,826,0.042249,Cl,Ph,Br,Me
826,GS-827,TS-827,827,0.047544,Cl,Ph,Br,NH2
827,GS-828,TS-828,828,0.043496,Cl,Ph,Br,OMe
828,GS-829,TS-829,829,0.050464,Cl,Ph,Br,NHMe
829,GS-830,TS-830,830,0.055566,Cl,Ph,Br,NMe2
830,GS-831,TS-831,831,0.048426,Cl,Ph,Br,NHPh
831,GS-832,TS-832,832,0.046228,Cl,Ph,Br,Ph
832,GS-833,TS-833,833,0.036368,Cl,Ph,Cl,H
833,GS-834,TS-834,834,0.042147,Cl,Ph,Cl,Me
834,GS-835,TS-835,835,0.047385,Cl,Ph,Cl,NH2
835,GS-836,TS-836,836,0.044622,Cl,Ph,Cl,OMe
836,GS-837,TS-837,837,0.049751,Cl,Ph,Cl,NHMe
837,GS-838,TS-838,838,0.056791,Cl,Ph,Cl,NMe2
838,GS-839,TS-839,839,0.04513,Cl,Ph,Cl,NHPh
839,GS-840,TS-840,840,0.046323,Cl,Ph,Cl,Ph
840,GS-841,TS-841,841,0.029734,Cl,H,Ph,H
841,GS-842,TS-842,842,0.03521,Cl,H,Ph,Me
842,GS-843,TS-843,843,0.04151,Cl,H,Ph,NH2
843,GS-844,TS-844,844,0.038589,Cl,H,Ph,OMe
844,GS-845,TS-845,845,0.043985,Cl,H,Ph,NHMe
845,GS-846,TS-846,846,0.045375,Cl,H,Ph,NMe2
846,GS-847,TS-847,847,0.040721,Cl,H,Ph,NHPh
847,GS-848,TS-848,848,0.034574,Cl,H,Ph,Ph
848,GS-849,TS-849,849,0.033342,Cl,H,H,H
849,GS-850,TS-850,850,0.037591,Cl,H,H,Me
850,GS-851,TS-851,851,0.040853,Cl,H,H,NH2
851,GS-852,TS-852,852,0.036208,Cl,H,H,OMe
852,GS-853,TS-853,853,0.047455,Cl,H,H,NHMe
853,GS-854,TS-854,854,0.041155,Cl,H,H,NMe2
854,GS-855,TS-855,855,0.044221,Cl,H,H,NHPh
855,GS-856,TS-856,856,0.032384,Cl,H,H,Ph
856,GS-857,TS-857,857,0.035899,Cl,H,Me,H
857,GS-858,TS-858,858,0.042837,Cl,H,Me,Me
858,GS-859,TS-859,859,0.049324,Cl,H,Me,NH2
859,GS-860,TS-860,860,0.041953,Cl,H,Me,OMe
860,GS-861,TS-861,861,0.054435,Cl,H,Me,NHMe
861,GS-862,TS-862,862,0.056783,Cl,H,Me,NMe2
862,GS-863,TS-863,863,0.048218,Cl,H,Me,NHPh
863,GS-864,TS-864,864,0.037347,Cl,H,Me,Ph
864,GS-865,TS-865,865,0.028442,Cl,H,Br,H
865,GS-866,TS-866,866,0.031467,Cl,H,Br,Me
866,GS-867,TS-867,867,0.034614,Cl,H,Br,NH2
867,GS-868,TS-868,868,0.033705,Cl,H,Br,OMe
868,GS-869,TS-869,869,0.038447,Cl,H,Br,NHMe
869,GS-870,TS-870,870,0.041926,Cl,H,Br,NMe2
870,GS-871,TS-871,871,0.033476,Cl,H,Br,NHPh
871,GS-872,TS-872,872,0.030334,Cl,H,Br,Ph
872,GS-873,TS-873,873,0.029516,Cl,H,Cl,H
873,GS-874,TS-874,874,0.032348,Cl,H,Cl,Me
874,GS-875,TS-875,875,0.035941,Cl,H,Cl,NH2
875,GS-876,TS-876,876,0.0348,Cl,H,Cl,OMe
876,GS-877,TS-877,877,0.037609,Cl,H,Cl,NHMe
877,GS-878,TS-878,878,0.042133,Cl,H,Cl,NMe2
878,GS-879,TS-879,879,0.03737,Cl,H,Cl,NHPh
879,GS-880,TS-880,880,0.033113,Cl,H,Cl,Ph
880,GS-881,TS-881,881,0.036781,Cl,Me,Ph,H
881,GS-882,TS-882,882,0.040223,Cl,Me,Ph,Me
882,GS-883,TS-883,883,0.046806,Cl,Me,Ph,NH2
883,GS-884,TS-884,884,0.042204,Cl,Me,Ph,OMe
884,GS-885,TS-885,885,0.048806,Cl,Me,Ph,NHMe
885,GS-886,TS-886,886,0.065624,Cl,Me,Ph,NMe2
886,GS-887,TS-887,887,0.045103,Cl,Me,Ph,NHPh
887,GS-888,TS-888,888,0.047314,Cl,Me,Ph,Ph
888,GS-889,TS-889,889,0.037776,Cl,Me,H,H
889,GS-890,TS-890,890,0.038353,Cl,Me,H,Me
890,GS-891,TS-891,891,0.046171,Cl,Me,H,NH2
891,GS-892,TS-892,892,0.041221,Cl,Me,H,OMe
892,GS-893,TS-893,893,0.054642,Cl,Me,H,NHMe
893,GS-894,TS-894,894,0.046485,Cl,Me,H,NMe2
894,GS-895,TS-895,895,0.050758,Cl,Me,H,NHPh
895,GS-896,TS-896,896,0.036581,Cl,Me,H,Ph
896,GS-897,TS-897,897,0.038614,Cl,Me,Me,H
897,GS-898,TS-898,898,0.044599,Cl,Me,Me,Me
898,GS-899,TS-899,899,0.057544,Cl,Me,Me,NH2
899,GS-900,TS-900,900,0.046438,Cl,Me,Me,OMe
900,GS-901,TS-901,901,0.060751,Cl,Me,Me,NHMe
901,GS-902,TS-902,902,0.068364,Cl,Me,Me,NMe2
902,GS-903,TS-903,903,0.051326,Cl,Me,Me,NHPh
903,GS-904,TS-904,904,0.049319,Cl,Me,Me,Ph
904,GS-905,TS-905,905,0.030228,Cl,Me,Br,H
905,GS-906,TS-906,906,0.034249,Cl,Me,Br,Me
906,GS-907,TS-907,907,0.039813,Cl,Me,Br,NH2
907,GS-908,TS-908,908,0.03607,Cl,Me,Br,OMe
908,GS-909,TS-909,909,0.042837,Cl,Me,Br,NHMe
909,GS-910,TS-910,910,0.050345,Cl,Me,Br,NMe2
910,GS-911,TS-911,911,0.040093,Cl,Me,Br,NHPh
911,GS-912,TS-912,912,0.041419,Cl,Me,Br,Ph
912,GS-913,TS-913,913,0.032254,Cl,Me,Cl,H
913,GS-914,TS-914,914,0.03723,Cl,Me,Cl,Me
914,GS-915,TS-915,915,0.040256,Cl,Me,Cl,NH2
915,GS-916,TS-916,916,0.039153,Cl,Me,Cl,OMe
916,GS-917,TS-917,917,0.042305,Cl,Me,Cl,NHMe
917,GS-918,TS-918,918,0.050946,Cl,Me,Cl,NMe2
918,GS-919,TS-919,919,0.039035,Cl,Me,Cl,NHPh
919,GS-920,TS-920,920,0.037748,Cl,Me,Cl,Ph
920,GS-921,TS-921,921,0.035589,Cl,Br,Ph,H
921,GS-922,TS-922,922,0.046995,Cl,Br,Ph,Me
922,GS-923,TS-923,923,0.050734,Cl,Br,Ph,NH2
923,GS-924,TS-924,924,0.040693,Cl,Br,Ph,OMe
924,GS-925,TS-925,925,0.053297,Cl,Br,Ph,NHMe
925,GS-926,TS-926,926,0.056893,Cl,Br,Ph,NMe2
926,GS-927,TS-927,927,0.040732,Cl,Br,Ph,NHPh
927,GS-928,TS-928,928,0.039233,Cl,Br,Ph,Ph
928,GS-929,TS-929,929,0.034649,Cl,Br,H,H
929,GS-930,TS-930,930,0.039342,Cl,Br,H,Me
930,GS-931,TS-931,931,0.038445,Cl,Br,H,NH2
931,GS-932,TS-932,932,0.037332,Cl,Br,H,OMe
932,GS-933,TS-933,933,0.045903,Cl,Br,H,NHMe
933,GS-934,TS-934,934,0.040937,Cl,Br,H,NMe2
934,GS-935,TS-935,935,0.043306,Cl,Br,H,NHPh
935,GS-936,TS-936,936,0.032462,Cl,Br,H,Ph
936,GS-937,TS-937,937,0.038678,Cl,Br,Me,H
937,GS-938,TS-938,938,0.050731,Cl,Br,Me,Me
938,GS-939,TS-939,939,0.054806,Cl,Br,Me,NH2
939,GS-940,TS-940,940,0.044511,Cl,Br,Me,OMe
940,GS-941,TS-941,941,0.060779,Cl,Br,Me,NHMe
941,GS-942,TS-942,942,0.055671,Cl,Br,Me,NMe2
942,GS-943,TS-943,943,0.054856,Cl,Br,Me,NHPh
943,GS-944,TS-944,944,0.051496,Cl,Br,Me,Ph
944,GS-945,TS-945,945,0.029724,Cl,Br,Br,H
945,GS-946,TS-946,946,0.04251,Cl,Br,Br,Me
946,GS-947,TS-947,947,0.039121,Cl,Br,Br,NH2
947,GS-948,TS-948,948,0.037705,Cl,Br,Br,OMe
948,GS-949,TS-949,949,0.049867,Cl,Br,Br,NHMe
949,GS-950,TS-950,950,0.047225,Cl,Br,Br,NMe2
950,GS-951,TS-951,951,0.048028,Cl,Br,Br,NHPh
951,GS-952,TS-952,952,0.043846,Cl,Br,Br,Ph
952,GS-953,TS-953,953,0.030988,Cl,Br,Cl,H
953,GS-954,TS-954,954,0.041476,Cl,Br,Cl,Me
954,GS-955,TS-955,955,0.041285,Cl,Br,Cl,NH2
955,GS-956,TS-956,956,0.037981,Cl,Br,Cl,OMe
956,GS-957,TS-957,957,0.0413,Cl,Br,Cl,NHMe
957,GS-958,TS-958,958,0.047665,Cl,Br,Cl,NMe2
958,GS-959,TS-959,959,0.041682,Cl,Br,Cl,NHPh
959,GS-960,TS-960,960,0.043838,Cl,Br,Cl,Ph
960,GS-961,TS-961,961,0.035864,Cl,Cl,Ph,H
961,GS-962,TS-962,962,0.046009,Cl,Cl,Ph,Me
962,GS-963,TS-963,963,0.051917,Cl,Cl,Ph,NH2
963,GS-964,TS-964,964,0.040515,Cl,Cl,Ph,OMe
964,GS-965,TS-965,965,0.053103,Cl,Cl,Ph,NHMe
965,GS-966,TS-966,966,0.056702,Cl,Cl,Ph,NMe2
966,GS-967,TS-967,967,0.050294,Cl,Cl,Ph,NHPh
967,GS-968,TS-968,968,0.047485,Cl,Cl,Ph,Ph
968,GS-969,TS-969,969,0.033995,Cl,Cl,H,H
969,GS-970,TS-970,970,0.040114,Cl,Cl,H,Me
970,GS-971,TS-971,971,0.04295,Cl,Cl,H,NH2
971,GS-972,TS-972,972,0.036706,Cl,Cl,H,OMe
972,GS-973,TS-973,973,0.045154,Cl,Cl,H,NHMe
973,GS-974,TS-974,974,0.058059,Cl,Cl,H,NMe2
974,GS-975,TS-975,975,0.042136,Cl,Cl,H,NHPh
975,GS-976,TS-976,976,0.032487,Cl,Cl,H,Ph
976,GS-977,TS-977,977,0.041167,Cl,Cl,Me,H
977,GS-978,TS-978,978,0.049229,Cl,Cl,Me,Me
978,GS-979,TS-979,979,0.054419,Cl,Cl,Me,NH2
979,GS-980,TS-980,980,0.044637,Cl,Cl,Me,OMe
980,GS-981,TS-981,981,0.058403,Cl,Cl,Me,NHMe
981,GS-982,TS-982,982,0.055369,Cl,Cl,Me,NMe2
982,GS-983,TS-983,983,0.053806,Cl,Cl,Me,NHPh
983,GS-984,TS-984,984,0.050153,Cl,Cl,Me,Ph
984,GS-985,TS-985,985,0.029478,Cl,Cl,Br,H
985,GS-986,TS-986,986,0.040762,Cl,Cl,Br,Me
986,GS-987,TS-987,987,0.045897,Cl,Cl,Br,NH2
987,GS-988,TS-988,988,0.037191,Cl,Cl,Br,OMe
988,GS-989,TS-989,989,0.04887,Cl,Cl,Br,NHMe
989,GS-990,TS-990,990,0.046819,Cl,Cl,Br,NMe2
990,GS-991,TS-991,991,0.046464,Cl,Cl,Br,NHPh
991,GS-992,TS-992,992,0.0422,Cl,Cl,Br,Ph
992,GS-993,TS-993,993,0.030272,Cl,Cl,Cl,H
993,GS-994,TS-994,994,0.040033,Cl,Cl,Cl,Me
994,GS-995,TS-995,995,0.040687,Cl,Cl,Cl,NH2
995,GS-996,TS-996,996,0.037228,Cl,Cl,Cl,OMe
996,GS-997,TS-997,997,0.043344,Cl,Cl,Cl,NHMe
997,GS-998,TS-998,998,0.04727,Cl,Cl,Cl,NMe2
998,GS-999,TS-999,999,0.041327,Cl,Cl,Cl,NHPh
999,GS-1000,TS-1000,1000,0.04227,Cl,Cl,Cl,Ph
